city,province
石家庄,河北省
邯郸,河北省
唐山,河北省
保定,河北省
秦皇岛,河北省
邢台,河北省
张家口,河北省
承德,河北省
沧州,河北省
廊坊,河北省
衡水,河北省
辛集,河北省
晋州,河北省
新乐,河北省
遵化,河北省
迁安,河北省
霸州,河北省
三河,河北省
定州,河北省
涿州,河北省
安国,河北省
高碑店,河北省
泊头,河北省
任丘,河北省
黄骅,河北省
河间,河北省
冀州,河北省
深州,河北省
南宫,河北省
沙河,河北省
武安,河北省
太原,山西省
大同,山西省
朔州,山西省
阳泉,山西省
长治,山西省
晋城,山西省
忻州,山西省
吕梁,山西省
晋中,山西省
临汾,山西省
运城,山西省
古交,山西省
潞城,山西省
高平,山西省
原平,山西省
孝义,山西省
汾阳,山西省
介休,山西省
侯马,山西省
霍州,山西省
永济,山西省
河津,山西省
呼和浩特,内蒙古自治区
包头,内蒙古自治区
乌海,内蒙古自治区
赤峰,内蒙古自治区
呼伦贝尔,内蒙古自治区
通辽,内蒙古自治区
乌兰察布,内蒙古自治区
鄂尔多斯,内蒙古自治区
巴彦淖尔,内蒙古自治区
满洲里,内蒙古自治区
扎兰屯,内蒙古自治区
牙克石,内蒙古自治区
根河,内蒙古自治区
额尔古纳,内蒙古自治区
乌兰浩特,内蒙古自治区
阿尔山,内蒙古自治区
霍林郭勒,内蒙古自治区
锡林浩特,内蒙古自治区
二连浩特,内蒙古自治区
丰镇,内蒙古自治区
沈阳,辽宁省
大连,辽宁省
朝阳,辽宁省
阜新,辽宁省
铁岭,辽宁省
抚顺,辽宁省
本溪,辽宁省
辽阳,辽宁省
鞍山,辽宁省
丹东,辽宁省
营口,辽宁省
盘锦,辽宁省
锦州,辽宁省
葫芦岛,辽宁省
新民,辽宁省
瓦房店,辽宁省
庄河,辽宁省
北票,辽宁省
凌源,辽宁省
调兵山,辽宁省
开原,辽宁省
灯塔,辽宁省
海城,辽宁省
凤城,辽宁省
东港,辽宁省
大石桥,辽宁省
盖州,辽宁省
凌海,辽宁省
北镇,辽宁省
兴城,辽宁省
长春,吉林省
吉林,吉林省
白城,吉林省
松原,吉林省
四平,吉林省
辽源,吉林省
通化,吉林省
白山,吉林省
德惠,吉林省
榆树,吉林省
磐石,吉林省
蛟河,吉林省
桦甸,吉林省
舒兰,吉林省
洮南,吉林省
大安,吉林省
双辽,吉林省
公主岭,吉林省
梅河口,吉林省
集安,吉林省
临江,吉林省
延吉,吉林省
图们,吉林省
敦化,吉林省
珲春,吉林省
龙井,吉林省
和龙,吉林省
扶余,吉林省
哈尔滨,黑龙江省
齐齐哈尔,黑龙江省
黑河,黑龙江省
大庆,黑龙江省
伊春,黑龙江省
鹤岗,黑龙江省
佳木斯,黑龙江省
双鸭山,黑龙江省
七台河,黑龙江省
鸡西,黑龙江省
牡丹江,黑龙江省
绥化,黑龙江省
尚志,黑龙江省
五常,黑龙江省
讷河,黑龙江省
北安,黑龙江省
五大连池,黑龙江省
铁力,黑龙江省
同江,黑龙江省
富锦,黑龙江省
虎林,黑龙江省
密山,黑龙江省
绥芬河,黑龙江省
海林,黑龙江省
宁安,黑龙江省
安达,黑龙江省
肇东,黑龙江省
海伦,黑龙江省
穆棱,黑龙江省
东宁,黑龙江省
抚远,黑龙江省
南京,江苏省
徐州,江苏省
连云港,江苏省
宿迁,江苏省
淮安,江苏省
盐城,江苏省
扬州,江苏省
泰州,江苏省
南通,江苏省
镇江,江苏省
常州,江苏省
无锡,江苏省
苏州,江苏省
常熟,江苏省
张家港,江苏省
太仓,江苏省
昆山,江苏省
江阴,江苏省
宜兴,江苏省
溧阳,江苏省
扬中,江苏省
句容,江苏省
丹阳,江苏省
如皋,江苏省
海门,江苏省
启东,江苏省
高邮,江苏省
仪征,江苏省
兴化,江苏省
泰兴,江苏省
靖江,江苏省
东台,江苏省
邳州,江苏省
新沂,江苏省
杭州,浙江省
宁波,浙江省
湖州,浙江省
嘉兴,浙江省
舟山,浙江省
绍兴,浙江省
衢州,浙江省
金华,浙江省
台州,浙江省
温州,浙江省
丽水,浙江省
临安,浙江省
建德,浙江省
慈溪,浙江省
余姚,浙江省
平湖,浙江省
海宁,浙江省
桐乡,浙江省
诸暨,浙江省
嵊州,浙江省
江山,浙江省
兰溪,浙江省
永康,浙江省
义乌,浙江省
东阳,浙江省
临海,浙江省
温岭,浙江省
瑞安,浙江省
乐清,浙江省
龙泉,浙江省
合肥,安徽省
芜湖,安徽省
蚌埠,安徽省
淮南,安徽省
马鞍山,安徽省
淮北,安徽省
铜陵,安徽省
安庆,安徽省
黄山,安徽省
滁州,安徽省
阜阳,安徽省
宿州,安徽省
六安,安徽省
亳州,安徽省
池州,安徽省
宣城,安徽省
巢湖,安徽省
桐城,安徽省
天长,安徽省
明光,安徽省
界首,安徽省
宁国,安徽省
厦门,福建省
福州,福建省
南平,福建省
三明,福建省
莆田,福建省
泉州,福建省
漳州,福建省
龙岩,福建省
宁德,福建省
福清,福建省
长乐,福建省
邵武,福建省
武夷山,福建省
建瓯,福建省
永安,福建省
石狮,福建省
晋江,福建省
南安,福建省
龙海,福建省
漳平,福建省
福安,福建省
福鼎,福建省
南昌,江西省
九江,江西省
景德镇,江西省
鹰潭,江西省
新余,江西省
萍乡,江西省
赣州,江西省
上饶,江西省
抚州,江西省
宜春,江西省
吉安,江西省
瑞昌,江西省
共青城,江西省
乐平,江西省
瑞金,江西省
德兴,江西省
丰城,江西省
樟树,江西省
高安,江西省
井冈山,江西省
贵溪,江西省
济南,山东省
青岛,山东省
聊城,山东省
德州,山东省
东营,山东省
淄博,山东省
潍坊,山东省
烟台,山东省
威海,山东省
日照,山东省
临沂,山东省
枣庄,山东省
济宁,山东省
泰安,山东省
莱芜,山东省
滨州,山东省
菏泽,山东省
胶州,山东省
即墨,山东省
平度,山东省
莱西,山东省
临清,山东省
乐陵,山东省
禹城,山东省
安丘,山东省
昌邑,山东省
高密,山东省
青州,山东省
诸城,山东省
寿光,山东省
栖霞,山东省
海阳,山东省
龙口,山东省
莱阳,山东省
莱州,山东省
蓬莱,山东省
招远,山东省
荣成,山东省
乳山,山东省
滕州,山东省
曲阜,山东省
邹城,山东省
新泰,山东省
肥城,山东省
郑州,河南省
开封,河南省
洛阳,河南省
平顶山,河南省
安阳,河南省
鹤壁,河南省
新乡,河南省
焦作,河南省
濮阳,河南省
许昌,河南省
漯河,河南省
三门峡,河南省
南阳,河南省
商丘,河南省
周口,河南省
驻马店,河南省
信阳,河南省
荥阳,河南省
新郑,河南省
登封,河南省
新密,河南省
偃师,河南省
孟州,河南省
沁阳,河南省
卫辉,河南省
辉县,河南省
林州,河南省
禹州,河南省
长葛,河南省
舞钢,河南省
义马,河南省
灵宝,河南省
项城,河南省
巩义,河南省
邓州,河南省
永城,河南省
汝州,河南省
济源,河南省
武汉,湖北省
十堰,湖北省
襄阳,湖北省
荆门,湖北省
孝感,湖北省
黄冈,湖北省
鄂州,湖北省
黄石,湖北省
咸宁,湖北省
荆州,湖北省
宜昌,湖北省
随州,湖北省
丹江口,湖北省
老河口,湖北省
枣阳,湖北省
宜城,湖北省
钟祥,湖北省
汉川,湖北省
应城,湖北省
安陆,湖北省
广水,湖北省
麻城,湖北省
武穴,湖北省
大冶,湖北省
赤壁,湖北省
石首,湖北省
洪湖,湖北省
松滋,湖北省
宜都,湖北省
枝江,湖北省
当阳,湖北省
恩施,湖北省
利川,湖北省
仙桃,湖北省
天门,湖北省
潜江,湖北省
长沙,湖南省
衡阳,湖南省
张家界,湖南省
常德,湖南省
益阳,湖南省
岳阳,湖南省
株洲,湖南省
湘潭,湖南省
郴州,湖南省
永州,湖南省
邵阳,湖南省
怀化,湖南省
娄底,湖南省
耒阳,湖南省
常宁,湖南省
浏阳,湖南省
津,湖南省
沅江,湖南省
汨罗,湖南省
临湘,湖南省
醴陵,湖南省
湘乡,湖南省
韶山,湖南省
资兴,湖南省
武冈,湖南省
洪江,湖南省
冷水江,湖南省
涟源,湖南省
吉首,湖南省
广州,广东省
深圳,广东省
清远,广东省
韶关,广东省
河源,广东省
梅州,广东省
潮州,广东省
汕头,广东省
揭阳,广东省
汕尾,广东省
惠州,广东省
东莞,广东省
珠海,广东省
中山,广东省
江门,广东省
佛山,广东省
肇庆,广东省
云浮,广东省
阳江,广东省
茂名,广东省
湛江,广东省
英德,广东省
连州,广东省
乐昌,广东省
南雄,广东省
兴宁,广东省
普宁,广东省
陆丰,广东省
恩平,广东省
台山,广东省
开平,广东省
鹤山,广东省
四会,广东省
罗定,广东省
阳春,广东省
化州,广东省
信宜,广东省
高州,广东省
吴川,广东省
廉江,广东省
雷州,广东省
南宁,广西壮族自治区
桂林,广西壮族自治区
柳州,广西壮族自治区
梧州,广西壮族自治区
贵港,广西壮族自治区
玉林,广西壮族自治区
钦州,广西壮族自治区
北海,广西壮族自治区
防城港,广西壮族自治区
崇左,广西壮族自治区
百色,广西壮族自治区
河池,广西壮族自治区
来宾,广西壮族自治区
贺州,广西壮族自治区
岑溪,广西壮族自治区
桂平,广西壮族自治区
北流,广西壮族自治区
东兴,广西壮族自治区
凭祥,广西壮族自治区
宜州,广西壮族自治区
合山,广西壮族自治区
靖西,广西壮族自治区
海口,海南省
三亚,海南省
三沙,海南省
儋州,海南省
文昌,海南省
琼海,海南省
万宁,海南省
东方,海南省
五指山,海南省
成都,四川省
广元,四川省
绵阳,四川省
德阳,四川省
南充,四川省
广安,四川省
遂宁,四川省
内江,四川省
乐山,四川省
自贡,四川省
泸州,四川省
宜宾,四川省
攀枝花,四川省
巴中,四川省
达州,四川省
资阳,四川省
眉山,四川省
雅安,四川省
崇州,四川省
邛崃,四川省
都江堰,四川省
彭州,四川省
江油,四川省
什邡,四川省
广汉,四川省
绵竹,四川省
阆中,四川省
华蓥,四川省
峨眉山,四川省
万源,四川省
简阳,四川省
西昌,四川省
康定,四川省
马尔康,四川省
贵阳,贵州省
六盘水,贵州省
遵义,贵州省
安顺,贵州省
毕节,贵州省
铜仁,贵州省
清镇,贵州省
赤水,贵州省
仁怀,贵州省
凯里,贵州省
都匀,贵州省
兴义,贵州省
福泉,贵州省
昆明,云南省
曲靖,云南省
玉溪,云南省
丽江,云南省
昭通,云南省
普洱,云南省
临沧,云南省
保山,云南省
安宁,云南省
宣威,云南省
芒,云南省
瑞丽,云南省
大理,云南省
楚雄,云南省
个旧,云南省
开远,云南省
蒙自,云南省
弥勒,云南省
景洪,云南省
文山,云南省
香格里拉,云南省
腾冲,云南省
西安,陕西省
延安,陕西省
铜川,陕西省
渭南,陕西省
咸阳,陕西省
宝鸡,陕西省
汉中,陕西省
榆林,陕西省
商洛,陕西省
安康,陕西省
韩城,陕西省
华阴,陕西省
兴平,陕西省
兰州,甘肃省
嘉峪关,甘肃省
金昌,甘肃省
白银,甘肃省
天水,甘肃省
酒泉,甘肃省
张掖,甘肃省
武威,甘肃省
庆阳,甘肃省
平凉,甘肃省
定西,甘肃省
陇南,甘肃省
玉门,甘肃省
敦煌,甘肃省
临夏,甘肃省
合作,甘肃省
西宁,青海省
海东,青海省
格尔木,青海省
德令哈,青海省
玉树,青海省
拉萨,西藏自治区
日喀则,西藏自治区
昌都,西藏自治区
林芝,西藏自治区
山南,西藏自治区
银川,宁夏回族自治区
石嘴山,宁夏回族自治区
吴忠,宁夏回族自治区
中卫,宁夏回族自治区
固原,宁夏回族自治区
灵武,宁夏回族自治区
青铜峡,宁夏回族自治区
台北,台湾
新北,台湾
桃园,台湾
台中,台湾
台南,台湾
高雄,台湾
基隆,台湾
新竹,台湾
嘉义,台湾
北京,北京市
天津,天津市
上海,上海市
重庆,重庆市
香港,香港
澳门,澳门
乌鲁木齐,新疆维吾尔自治区
克拉玛依,新疆维吾尔自治区
吐鲁番,新疆维吾尔自治区
哈密,新疆维吾尔自治区
喀什,新疆维吾尔自治区
阿克苏,新疆维吾尔自治区
和田,新疆维吾尔自治区
阿图什,新疆维吾尔自治区
阿拉山口,新疆维吾尔自治区
博乐,新疆维吾尔自治区
昌吉,新疆维吾尔自治区
阜康,新疆维吾尔自治区
库尔勒,新疆维吾尔自治区
伊宁,新疆维吾尔自治区
奎屯,新疆维吾尔自治区
塔城,新疆维吾尔自治区
乌苏,新疆维吾尔自治区
阿勒泰,新疆维吾尔自治区
霍尔果斯,新疆维吾尔自治区
石河子,新疆维吾尔自治区
阿拉尔,新疆维吾尔自治区
图木舒克,新疆维吾尔自治区
五家渠,新疆维吾尔自治区
北屯,新疆维吾尔自治区
铁门关,新疆维吾尔自治区
双河,新疆维吾尔自治区
可克达拉,新疆维吾尔自治区
昆玉,新疆维吾尔自治区
