area,company,exp_title,link,salary,title,update_time
江苏-苏州-相城区,苏州外国语学校相城校区,不限/大专,/jobs_view_357652.html,10W-12W/年,幼儿英语教师,2019/04/04
福建-莆田,莆田市实验学校,不限/不限,/jobs_view_370922.html,3.5K-7K/月,幼儿英语教师,2019/04/03
广东-惠州-惠城区,树童教育集团,一年以上/大学本科以上,/jobs_view_409343.html,6K-10K/月,急聘英语教师（惠州河南岸南翠花园）,2019/04/06
广东-深圳-龙岗区,树童教育集团,一年以上/大学本科,/jobs_view_402974.html,8K-12K/月,英语老师（深圳横岗分校）,2019/04/06
广东-惠州-惠城区,树童教育集团,一年以上/大学本科以上,/jobs_view_408457.html,5K-10K/月,急聘英语教师（惠州麦地麦景新苑）,2019/04/06
广东-深圳-龙岗区,树童教育集团,一年以上/大学本科以上,/jobs_view_394067.html,5K-10K/月,英语老师(深圳横岗中心）,2019/04/06
上海,万行保到岗,不限/大学本科以上,/jobs_view_400111.html,8K-15K/月,上海地区找全职少儿英语教师（RS）,2019/04/04
上海,万行保到岗,不限/大学本科以上,/jobs_view_400117.html,8K-15K/月,上海地区少儿英语老师（RS）,2019/04/04
江苏-苏州-昆山市,昆山市彩虹英语,不限/大学本科以上,/jobs_view_365689.html,6K-10K/月,幼儿英语老师,2019/04/04
广东-东莞,趣林幼儿园,一年以上/大学本科,/jobs_view_423619.html,5K-8K/月,幼儿园英语教师,2019/03/22
广东-东莞,树童教育集团,一年以上/大学本科,/jobs_view_425789.html,7K-10K/月,急聘少儿/小学英语老师（东莞地王分校）,2019/04/06
广东-广州-越秀区,树童教育集团,一年以上/大专以上,/jobs_view_403225.html,5K-10K/月,少儿英语老师（文德校区）,2019/04/06
广东-广州-黄埔区,树童教育集团,一年以上/大专以上,/jobs_view_397144.html,8K-10K/月,急招幼儿小学英语老师（黄埔大沙东分校）,2019/04/06
广东-东莞,树童教育集团,一年以上/大学本科以上,/jobs_view_394135.html,8K-12K/月,中小学英语老师（莞城塞纳河畔分校）,2019/04/06
广东-广州-番禺区,树童教育集团,一年以上/大专以上,/jobs_view_417263.html,6K-8K/月,诚聘幼/少儿英语老师（双休+五险一金+洛溪分校）,2019/04/06
广东-广州-番禺区,树童教育集团,不限/大专,/jobs_view_402317.html,8K-12K/月,急聘少儿、小学英语老师（长隆奥园分校）,2019/04/06
广东-惠州-惠城区,树童教育集团,一年以上/大学本科以上,/jobs_view_371667.html,8K-10K/月,少儿英语教师(惠州水口分校),2019/04/06
湖北-武汉-江岸区,武汉好学铭智教育,不限/大学本科以上,/jobs_view_400461.html,8K-10K/月,幼小英语老师/培训+出国旅游,2019/04/06
湖北-武汉-江岸区,武汉好学铭智教育,三年以上/大学本科以上,/jobs_view_399662.html,8K-10K/月,幼小部英语主管/培训+出国旅游,2019/04/06
广东-佛山-南海区,广东省佛山习思堂教育,不限/大专以上,/jobs_view_386970.html,8W-12W/年,高薪急聘 少儿英语教师（六险一金+包食宿）,2019/04/06
广东-佛山,广东省佛山习思堂教育,不限/大专以上,/jobs_view_409241.html,5K-6K/月,英语早教老师（提供吃住+六险一金）,2019/04/06
浙江-杭州-建德市,杭州建德市小新星英语培训学校,不限/大专,/jobs_view_394940.html,8K-10K/月,幼儿英语老师,2019/04/06
福建-莆田,莆田市实验学校,不限/不限,/jobs_view_370922.html,3.5K-7K/月,幼儿英语教师,2019/04/03
北京-昌平区,卓越教育集团,不限/大专,/jobs_view_280207.html,4K-6K/月,全日制带班英语教师,2019/04/03
浙江-金华,永康市青少年多元智能培训学校,两年以上/大学本科,/jobs_view_426084.html,9W-12W/年,幼儿英语教师,2019/04/06
湖北-武汉-汉南区,武汉碧桂园学校,两年以上/大专以上,/jobs_view_430466.html,4.5K-6K/月,幼儿园英语老师,2019/04/05
广东-广州-番禺区,广州博仕堂教育科技有限公司,不限/大学本科以上,/jobs_view_227271.html,4K-8K/月,英语实习生,2019/04/05
广东-江门-新会区,广东外语外贸大学附设江门外国语学校,不限/大专以上,/jobs_view_380753.html,8W-8W/年,幼儿园老师（语言、数学、科学、英语、体育、美术、音乐、舞蹈、生活、保健）,2019/04/05
广东-江门-新会区,广东外语外贸大学附设江门外国语学校,两年以上/大专以上,/jobs_view_406362.html,8W-8W/年,幼儿英语教师（急聘）,2019/04/05
湖北-武汉-洪山区,武汉枫叶国际学校,一年以上/大专以上,/jobs_view_303896.html,4K-5.5K/月,高薪国际幼儿园英语教师,2019/04/05
湖北-武汉-江夏区,武汉枫叶国际学校,两年以上/大学本科以上,/jobs_view_360409.html,3K-5K/月,幼儿园英语教师,2019/04/05
浙江-杭州-江干区,鸿广教育有限公司,不限/不限,/jobs_view_428841.html,7K-10K/月,幼儿英语教师,2019/04/04
北京-通州区,北京博仕堂教育咨询有限公司,一年以上/大学本科以上,/jobs_view_428676.html,6K-8K/月,少儿英语老师,2019/04/04
浙江-杭州,杭州荣航教育咨询有限公司,不限/大专以上,/jobs_view_429075.html,4K-8K/月,幼儿英语老师,2019/04/04
广东-深圳-龙华区,深圳市文豪文化信息咨询有限公司,不限/大专以上,/jobs_view_429961.html,4.5K-8K/月,少儿英语老师,2019/04/04
浙江-杭州-余杭区,杭州函恩培训学校有限公司,一年以上/大学本科以上,/jobs_view_429696.html,4K-8K/月,英语教师,2019/04/04
福建-莆田-城厢区,莆田剑桥双语小学,不限/不限,/jobs_view_422633.html,2.8K-3.5K/月,幼儿园英语教师（欧氏）,2019/04/04
福建-莆田-荔城区,莆田剑桥双语小学,不限/不限,/jobs_view_423255.html,2.8K-3.5K/月,幼儿英语教师（秀水华庭）,2019/04/04
四川-成都-温江区,成都金师学堂教育科技有限公司,不限/大专以上,/jobs_view_431507.html,4K-8K/月,少儿英语教师,2019/04/04
广东-深圳-罗湖区,深圳市学为方文化发展有限公司,一年以上/大学本科以上,/jobs_view_430852.html,5K-8K/月,幼儿英语老师,2019/04/04
上海-闵行区,上海凝志文化传播有限公司,不限/大学本科以上,/jobs_view_433852.html,6K-12K/月,少儿英语老师,2019/04/04
上海-闵行区,上海凝志文化传播有限公司,一年以上/大学本科以上,/jobs_view_430615.html,8K-10K/月,8500+幼儿英语早教老师 ,2019/04/04
广东-深圳-福田区,深圳市福田区文尚教育培训中心,不限/大学本科以上,/jobs_view_430230.html,5K-8K/月,少儿英语老师,2019/04/04
上海-徐汇区,上海贤智教育科技有限公司,不限/大学本科以上,/jobs_view_430515.html,8K-10K/月,幼儿英语教师 ,2019/04/04
北京-昌平区,卓越教育集团,不限/大专,/jobs_view_280207.html,4K-6K/月,全日制带班英语教师,2019/04/03
北京-昌平区,卓越教育集团,不限/大专,/jobs_view_280417.html,4K-6K/月,幼小衔接班英语老师,2019/04/03
湖北-武汉-汉阳区,武汉蕊希教育咨询有限公司（优贝乐）,两年以上/大学本科,/jobs_view_433322.html,6K-8K/月,幼儿英语老师,2019/04/04
广东-深圳-宝安区,深圳哈卡教育咨询有限公司,两年以上/大学本科以上,/jobs_view_432922.html,6K-8K/月,少儿英语老师,2019/04/04
广东-汕头-潮阳区,汕头市骏荣国际学校,不限/大专以上,/jobs_view_340129.html,6W-9W/年,幼儿园英语教师,2019/04/04
湖北-武汉-武昌区,武汉优杰教育科技有限公司,三年以上/大学本科以上,/jobs_view_433663.html,10W-15W/年,少儿英语老师,2019/04/04
湖北-武汉,武汉优杰教育科技有限公司,两年以上/大学本科以上,/jobs_view_433687.html,10K-15K/月,少儿英语老师（东湖新技术产业开发区）,2019/04/04
广东-东莞,东莞市樟木头慧星培训中心有限公司 ,不限/不限,/jobs_view_423461.html,4K-8K/月,幼儿英语教师,2019/04/04
广东-佛山,唐人街教育,不限/大学本科以上,/jobs_view_329466.html,8K-15K/月,国际幼少儿英语老师,2019/04/04
福建-福州-长乐市,网龙集团华渔教育,两年以上/大专,/jobs_view_364583.html,5K-6K/月,幼儿园英语老师（提供住宿）,2019/04/04
广东-东莞,上海交通大学昂立教育集团东莞分校,不限/大专以上,/jobs_view_399183.html,4K-8K/月,小学英语老师（西平）,2019/04/04
广东-东莞,上海交通大学昂立教育集团东莞分校,不限/大专以上,/jobs_view_403228.html,5K-8K/月,幼儿英语老师（东城区）,2019/04/04
广东-东莞,上海交通大学昂立教育集团东莞分校,不限/大专以上,/jobs_view_403232.html,4K-8K/月,幼儿英语老师（东坑）,2019/04/04
广东-东莞,上海交通大学昂立教育集团东莞分校,不限/大专以上,/jobs_view_397311.html,4K-8K/月,培训机构幼少英语老师（南城西平）包住宿,2019/04/04
浙江-宁波-宁海县,宁海县利得斯外国语学校,不限/大专以上,/jobs_view_420029.html,4K-7K/月,少儿英语老师,2019/04/04
浙江-台州-温岭市,温岭市星奕教育培训学校,不限/不限,/jobs_view_431856.html,3K-6K/月,英语老师,2019/04/04
广东-清远,清远市博爱学校,两年以上/大专,/jobs_view_334021.html,8W-8.5W/年,幼儿英语教师,2019/04/04
广东-佛山-顺德区,佛山市顺德区碧桂花城学校,一年以上/大专以上,/jobs_view_434436.html,6K-7.5K/月,幼儿英语教师,2019/04/04
浙江-杭州-余杭区,杭州四域文化创意有限公司,一年以上/大专以上,/jobs_view_427105.html,9K-18K/月,幼儿英语老师线上兼职老师,2019/04/04
北京-海淀区,北京新东方,不限/大学本科以上,/jobs_view_381957.html,0.8W-1W/年,少儿英语教师,2019/04/04
广东-广州-海珠区,万行保到岗,不限/不限,/jobs_view_414590.html,4K-6K/月,幼儿英语老师,2019/04/04
广东-佛山-顺德区,广东碧桂园学校,两年以上/大学本科,/jobs_view_366540.html,7K-10K/月,幼儿园英语教师,2019/04/04
北京-昌平区,卓越教育集团,不限/大专,/jobs_view_280417.html,4K-6K/月,幼小衔接班英语老师,2019/04/03
广东-广州,卓越教育集团,不限/大专,/jobs_view_323932.html,3K-5K/月,幼儿英语教师,2019/04/03
广东-深圳,深圳子阳儿童文化传播有限公司,一年以上/大学本科,/jobs_view_425508.html,6K-12K/月,少儿英语教师,2019/04/04
安徽-六安,六安市智慧林学校,不限/大专,/jobs_view_348536.html,2K-3K/月,幼儿英语教师,2019/04/04
湖北-宜昌,宜昌金东方教育集团,不限/大专,/jobs_view_357592.html,6W-12W/年,幼儿英语教师,2019/04/04
上海,上海长宁闻广教育进修学校,不限/大专以上,/jobs_view_431479.html,7K-12K/月,英语老师,2019/04/04
湖北-武汉,武汉珊妮来秀教育科技有限公司（SUNNY英语）,不限/不限以上,/jobs_view_434215.html,4K-8K/月,少儿英语教师,2019/04/04
湖北-武汉,武汉珊妮来秀教育科技有限公司（SUNNY英语）,不限/不限以上,/jobs_view_434213.html,4K-8K/月,少儿英语老师,2019/04/04
湖北-武汉,武汉珊妮来秀教育科技有限公司（SUNNY英语）,不限/不限以上,/jobs_view_434216.html,4K-8K/月,急聘少儿英语老师,2019/04/04
河南-郑州,郑州市惠济区枫叶小熊小学,不限/大学本科以上,/jobs_view_432800.html,2.6K-5K/月,幼儿英语老师,2019/04/04
江苏-苏州-相城区,苏州外国语学校相城校区,三年以上/大专以上,/jobs_view_357652.html,10W-12W/年,幼儿英语教师,2019/04/04
河北-保定-高碑店市,盛华碧桂园中英文学校,一年以上/大专以上,/jobs_view_429006.html,6W-8W/年,幼儿英语教师,2019/04/04
广东-广州-番禺区,广州市番禺区祈福英语实验学校,不限/大专以上,/jobs_view_333190.html,5.5K-5.7K/月,幼儿助理教师,2019/04/04
广东-广州-番禺区,广州市番禺区祈福英语实验学校,不限/大专以上,/jobs_view_333189.html,6.4K-8.4K/月,幼儿园幼儿教师,2019/04/04
江苏-苏州,上海枫华集团、中加枫华中学,两年以上/大专以上,/jobs_view_297804.html,4K-6K/月,枫华国际幼儿园英语教师,2019/04/04
浙江-金华-义乌市,义乌公学,一年以上/大学本科,/jobs_view_406909.html,10W-15W/年,幼儿园专职英语教师（中国籍）,2019/04/04
北京-朝阳区,中科致知国际教育科技有限公司,一年以上/大专以上,/jobs_view_430854.html,4K-6K/月,英语老师（幼儿园）,2019/04/04
江苏-苏州,苏州国际外语学校,一年以上/大学本科以上,/jobs_view_386319.html,3.5K-6K/月,苏国外启东幼儿园英语教师,2019/04/04
江苏-苏州,苏州国际外语学校,不限/大专以上,/jobs_view_150814.html,5K-10K/月,幼儿园英语教师,2019/04/04
广东-清远,广东省清远盛兴中英文学校,不限/大专,/jobs_view_321434.html,6.5W-10W/年,幼儿英语老师,2019/04/04
湖北-黄石-黄石港区,黄石新东方学校,不限/大学本科以上,/jobs_view_426420.html,4K-7K/月,幼儿英语教师,2019/04/04
重庆-永川区,重庆凡比世界文化传媒有限公司,不限/大学本科以上,/jobs_view_433513.html,5K-10K/月,少儿英语老师,2019/04/04
广东-广州,卓越教育集团,不限/大专,/jobs_view_323932.html,3K-5K/月,幼儿英语教师,2019/04/03
浙江-杭州-建德市,建德市尤能培训学校有限公司,不限/不限,/jobs_view_432746.html,10W-12W/年,少儿英语老师,2019/04/04
广东-深圳-罗湖区,广东魔奇文化教育传播有限公司,不限/大专以上,/jobs_view_421486.html,8K-15K/月,幼儿英语老师,2019/04/04
广东-深圳-南山区,深圳启英乐学文化发展有限公司（启言英语）,两年以上/大专以上,/jobs_view_431184.html,6K-10K/月,少儿英语老师,2019/04/04
广东-深圳-南山区,深圳启英乐学文化发展有限公司（启言英语）,不限/大专以上,/jobs_view_431176.html,6K-8K/月,早教英语老师,2019/04/04
广东-广州,广州艾雯思教育信息咨询有限公司,不限/大专以上,/jobs_view_430391.html,4.5K-8K/月,少儿英语老师,2019/04/04
上海,上海承龙文化传播有限公司,一年以上/大专,/jobs_view_428285.html,5K-8K/月,少儿英语老师,2019/04/04
上海,上海承龙文化传播有限公司,一年以上/大专,/jobs_view_428286.html,5K-8K/月,幼儿英语老师,2019/04/04
广东-汕头,卓悦少儿英语(潮阳校区),不限/不限,/jobs_view_427015.html,3K-5K/月,少儿英语老师,2019/04/04
广东-广州,广州市海珠区俊华培训中心,不限/大专以上,/jobs_view_430617.html,3.8K-5K/月,幼儿英语教师,2019/04/04
上海,上海捷晓文化传媒有限责任公司,三年以上/大专以上,/jobs_view_430674.html,6K-8K/月,幼儿英语教师,2019/04/04
上海-浦东新区,上海墨年教育科技有限公司,不限/大学本科以上,/jobs_view_430058.html,8W-15W/年,英语教师,2019/04/04
上海-金山区,上海蹊晶教育科技有限公司,不限/大学本科以上,/jobs_view_430064.html,8K-10K/月,幼儿英语教师,2019/04/04
上海,上海英闪教育科技有限公司,一年以上/大学本科以上,/jobs_view_430077.html,8K-12K/月,幼儿英语教师,2019/04/04
上海,上海乐谷教育,两年以上/大学本科以上,/jobs_view_430533.html,6K-8K/月,幼儿英语教师,2019/04/04
北京,金源盖德文化交流（北京）有限公司,不限/大专以上,/jobs_view_430608.html,12K-22K/月,幼儿英语教师,2019/04/04
北京-房山区,北京沃德启点教育咨询有限公司,一年以上/大专以上,/jobs_view_429811.html,10K-16K/月,幼儿英语教师,2019/04/04
北京-昌平区,北京丽兹蔻国际教育投资管理有限公司,两年以上/大学本科以上,/jobs_view_429168.html,6K-10K/月,幼儿英语教师,2019/04/04
上海-嘉定区,上海莺燕文化传播有限公司,一年以上/大专以上,/jobs_view_428176.html,4.5K-6K/月,幼儿英语教师,2019/04/04
广东-广州,广州市增城思贝睿教育咨询信息服务部,一年以上/大专以上,/jobs_view_428443.html,6K-8K/月,幼儿英语教师,2019/04/04
北京-朝阳区,北京汉源承教育咨询有限公司,不限/不限,/jobs_view_228468.html,3.5K-8K/月,少儿英语教师,2019/04/04
北京-朝阳区,北京汉源承教育咨询有限公司,不限/不限,/jobs_view_228466.html,3.5K-8K/月,小学英语教师,2019/04/04
北京-朝阳区,北京汉源承教育咨询有限公司,不限/不限,/jobs_view_227657.html,3.5K-8K/月,英语教师,2019/04/04
上海-嘉定区,上海飞儿艺术培训学校,两年以上/大学本科以上,/jobs_view_427922.html,6K-8K/月,幼儿英语教师,2019/04/04
北京,北京祥生瑞和文化艺术有限公司,不限/大专,/jobs_view_426740.html,3.5K-6K/月,少儿英语老师,2019/04/04
福建-福州,小金星国际教育集团,不限/大专以上,/jobs_view_110243.html,1.8K-4K/月,幼儿英语老师,2019/04/04
广东-广州-海珠区,广州市海珠区南洲街上涌幼儿园,不限/中专以上,/jobs_view_423463.html,3K-6K/月,幼儿英语教师,2019/04/04
广东-东莞,昂立国际教育西平分校,不限/大专以上,/jobs_view_392937.html,4K-7K/月,幼少儿英语老师（包住）,2019/04/04
江苏-南通,南通市崇川区金宝贝教育信息咨询服务部,不限/大专,/jobs_view_421751.html,3K-5K/月,幼儿英语老师,2019/04/04
江苏-南通-如皋市,如皋昂首文化艺术培训中心有限公司,不限/大专以上,/jobs_view_426291.html,4K-6K/月,英语教师,2019/04/04
广东-广州-天河区,广州莱博蒂教育咨询有限公司,一年以上/中专以上,/jobs_view_417588.html,3K-4K/月,英语幼师助教,2019/04/04
湖北-荆州,荆州市学易优文化传播有限公司豉湖路分公司,不限/大专,/jobs_view_399540.html,3K-6K/月,幼少儿英语老师,2019/04/04
广东-梅州-梅江区,梅州市华业教育服务有限公司,三年以上/大专,/jobs_view_395495.html,4K-6K/月,资深幼儿英语老师,2019/04/04
广东-梅州-梅江区,梅州市华业教育服务有限公司,不限/大专以上,/jobs_view_379358.html,3K-6K/月,早教英语老师,2019/04/04
广东-江门-蓬江区,五邑碧桂园中英文学校,两年以上/大专,/jobs_view_334484.html,6W-8W/年,幼儿英语教师和助教若干,2019/04/04
广东-东莞,东莞市虎门汇英学校,两年以上/大专以上,/jobs_view_429542.html,4W-8W/年,幼儿英语教师,2019/04/04
浙江-温州,温州厚德教育,不限/大专以上,/jobs_view_374578.html,5K-10K/月,招聘幼儿小学英语老师,2019/04/03
山东-聊城,聊城北大培文实验学校,不限/大学本科,/jobs_view_367756.html,5W-10W/年,幼儿英语教师,2019/04/03
福建-莆田,莆田市实验学校,不限/不限,/jobs_view_370922.html,3.5K-7K/月,幼儿英语教师,2019/04/03
广东-广州-黄埔区,中大黄埔国际教育,一年以上/大学本科以上,/jobs_view_367426.html,3K-5K/月,幼儿园英语老师,2019/04/03
广东-深圳,深圳市耀华实验学校,不限/不限,/jobs_view_308759.html,5K-7K/月,幼儿园英语老师,2019/04/03
广东-肇庆-端州区,广东省肇庆加美学校,不限/大专以上,/jobs_view_326231.html,4.8W-8W/年,幼儿园英语教师,2019/04/03
北京-朝阳区,环球博雅少儿英语,不限/大专以上,/jobs_view_411439.html,4K-8K/月,高薪急聘学前老师,2019/04/03
北京-朝阳区,环球博雅少儿英语,一年以上/大专以上,/jobs_view_416001.html,8K-15K/月,幼儿英语老师,2019/04/03
浙江-杭州-西湖区,杭州智会学科技有限公司,一年以上/大专以上,/jobs_view_401892.html,5K-8K/月,幼儿/少儿英语老师,2019/04/03
贵州-贵阳-观山湖区,瑞思（贵阳）学科英语,不限/不限以上,/jobs_view_424428.html,2K-4K/月,保育员,2019/04/03
贵州-贵阳-观山湖区,瑞思（贵阳）学科英语,不限/大学本科以上,/jobs_view_421827.html,5K-10K/月,幼儿英语老师,2019/04/03
江苏-苏州,苏州外国语学校,不限/大学本科以上,/jobs_view_429698.html,6K-8K/月,幼儿英语教师,2019/04/03
四川-眉山-仁寿县,吉的堡仁寿分校,不限/大专,/jobs_view_427480.html,3K-6K/月,幼儿英语老师,2019/04/03
浙江-杭州-余杭区,杭州市余杭区国泰教育培训中心,不限/大学本科,/jobs_view_412338.html,10K-14K/月,外教英语老师,2019/04/03
浙江-杭州-余杭区,杭州市余杭区国泰教育培训中心,一年以上/大学本科,/jobs_view_412035.html,4.5K-8K/月,中教幼儿英语老师,2019/04/03
江苏-苏州-太仓市,太仓华顿外国语学校,一年以上/大学本科以上,/jobs_view_390894.html,5K-7K/月,幼儿园教师（英语）,2019/04/03
江苏-苏州-太仓市,太仓昂立教育培训中心有限公司,一年以上/大学本科以上,/jobs_view_424708.html,4K-8K/月,昂立教育招聘少儿英语,2019/04/03
广东-广州-从化区,广州英豪学校,两年以上/大专以上,/jobs_view_127551.html,4K-6K/月,幼儿园英语老师,2019/04/03
北京-昌平区,卓越教育集团,一年以上/大专以上,/jobs_view_280417.html,4K-6K/月,幼小衔接班英语老师,2019/04/03
北京-昌平区,卓越教育集团,一年以上/大专以上,/jobs_view_280207.html,4K-6K/月,全日制带班英语教师,2019/04/03
广东-广州,卓越教育集团,一年以上/大专以上,/jobs_view_323932.html,3K-5K/月,幼儿英语教师,2019/04/03
广东-深圳,卓越教育集团,不限/大学本科以上,/jobs_view_356088.html,6K-10K/月,少儿英语教学主任,2019/04/03
四川-广安-前锋区,四川师范大学附属第九实验中学,五年以上/不限,/jobs_view_426404.html,5W-10W/年,学前教育：学前教育、英语学科骨干教师,2019/04/03
广东-广州-增城区,增城市碧桂园学校,三年以上/大专以上,/jobs_view_335321.html,5W-10W/年,幼儿英语教师,2019/04/02
广东-广州-番禺区,广东方圆教育投资有限公司,两年以上/大专以上,/jobs_view_430972.html,4.5K-6K/月,幼儿园英语助教,2019/04/02
云南-昆明-西山区,云南予能教育信息咨询有限公司,不限/大专以上,/jobs_view_419111.html,4K-8K/月,幼儿英语老师,2019/04/02
贵州-遵义-仁怀市,贵州省仁怀市周林教育集团2019校招,应届毕业生/大专,/jobs_view_431368.html,8W-15W/年,幼儿英语教师,2019/04/02
海南-海口-龙华区,海口斯诺威培训中心,一年以上/大专以上,/jobs_view_423192.html,4K-7K/月,幼儿英语教师,2019/04/02
浙江-杭州,杭州科睿思道培训学校有限公司,不限/大学本科以上,/jobs_view_430315.html,6K-12K/月,高薪少儿英语老师,2019/04/02
浙江-杭州,杭州科睿思道培训学校有限公司,不限/大学本科以上,/jobs_view_430311.html,6K-12K/月,少儿英语老师,2019/04/02
湖北-黄石-大冶市,大冶市聚龙外国语学校,不限/中专以上,/jobs_view_346252.html,3K-6K/月,急聘：幼儿园英语老师,2019/04/02
安徽-合肥-蜀山区,合肥加拿大国际学校,应届毕业生/大学本科以上,/jobs_view_405086.html,3K-5K/月,幼儿园英语助教,2019/04/02
江苏-苏州-吴江区,同育教育科技有限公司,一年以上/大专以上,/jobs_view_408783.html,3K-6K/月,幼儿英语老师,2019/04/02
广东-东莞,东方明珠学校,不限/中专以上,/jobs_view_156828.html,4.5K-6K/月,幼儿英语教师(急1名),2019/04/01
四川-成都,成都市锦江区卓越学校,两年以上/大学本科以上,/jobs_view_423480.html,4K-6K/月,巧问英语,2019/04/01
浙江-衢州,凯伦教育,一年以上/大学本科以上,/jobs_view_157918.html,5K-8K/月,幼儿英语教师（急聘）,2019/04/01
湖南-衡阳-衡阳县,湖南衡阳元培学校,三年以上/不限,/jobs_view_390205.html,3.5K-4.6K/月,幼儿英语教师,2019/04/01
广东-惠州-惠阳区,小新星国际英语,一年以上/大专以上,/jobs_view_408693.html,3.5K-7K/月,幼儿园园长助理,2019/03/31
广东-惠州-惠阳区,小新星国际英语,不限/中专以上,/jobs_view_408466.html,3K-5K/月,幼儿教师,2019/03/31
广东-惠州-惠阳区,小新星国际英语,三年以上/大专以上,/jobs_view_408458.html,5K-10K/月,幼儿园园长,2019/03/31
海南-三亚-吉阳区,三亚百家争鸣文化教育发展有限公司,不限/大专以上,/jobs_view_387396.html,5K-10K/月,少儿英语主教,2019/03/30
湖南-长沙-宁乡县,湖南省宁乡市碧桂园学校,三年以上/大专以上,/jobs_view_411184.html,6W-9W/年,幼儿英语教师,2019/03/29
广东-广州-天河区,广州爱英奇品牌运营管理有限公司,一年以上/大学本科以上,/jobs_view_417216.html,4K-8K/月,幼儿英语教师,2019/03/27
浙江-杭州-江干区,杭州星锐培训学校有限公司（吉的堡）,应届毕业生/大专以上,/jobs_view_408796.html,3K-6K/月,实习少儿英语老师,2019/03/27
重庆-九龙坡区,重庆市九龙坡区天宝乐儿童早期教育培训学校,不限/大专,/jobs_view_422382.html,2K-4K/月,幼儿英语教师,2019/03/27
江苏-苏州-吴江区,北外附属苏州湾外国语学校,三年以上/大学本科以上,/jobs_view_421977.html,10W-20W/年,幼儿英语教师,2019/03/26
广东-广州-花都区,广州市花都区乔治中英文学校,一年以上/大专以上,/jobs_view_416643.html,3K-5K/月,幼儿英语,2019/03/25
天津-武清区,天津英华国际学校,两年以上/大学本科以上,/jobs_view_426813.html,4K-8K/月,幼儿园英语助教,2019/03/24
广东-广州-增城区,广州市增城区官湖学校,一年以上/中专以上,/jobs_view_359506.html,2.5K-3K/月,幼儿英语教师,2019/03/23
广东-深圳,深圳市呀咪教育咨询有限责任公司,不限/大专以上,/jobs_view_429420.html,6K-10K/月,英语老师,2019/03/23
广东-韶关-浈江区,韶关碧桂园外国语学校,不限/大专以上,/jobs_view_420473.html,4.5W-6.5W/年,幼儿英语教师,2019/03/20
上海-宝山区,上海智而乐教育美兰湖分校,不限/大专以上,/jobs_view_426177.html,6K-12K/月,英语老师,2019/03/20
山东-青岛,青岛西海岸新区恒大启迪幼儿园,不限/不限,/jobs_view_387776.html,6W-12W/年,幼儿英语教师,2019/03/18
云南-昆明,云南育才教育集团,不限/大专以上,/jobs_view_88469.html,面议,幼儿英语教师,2019/03/15
天津,天津华英学校,不限/大专,/jobs_view_379403.html,3.5K-4.5K/月,幼儿英语教师,2019/03/07
甘肃-兰州,兰州碧桂园学校,一年以上/大学本科以上,/jobs_view_334885.html,8W-16W/年,幼儿园英语教师主任,2019/03/06
广东-佛山,佛山市冠华教育集团,不限/大专以上,/jobs_view_325096.html,4W-7W/年,幼儿英语教师,2019/03/06
河南-郑州-中原区,北京师范大学踏石幼儿园,不限/大学本科以上,/jobs_view_422895.html,3K-4.5K/月,少儿英语教师,2019/03/01
河南-郑州-管城回族区,郑州市管城回族区柏菲幼儿园,不限/大专以上,/jobs_view_421560.html,4K-6K/月,少儿英语老师,2019/02/27
广东-东莞,东莞市博雅外国语学校,应届毕业生/大专以上,/jobs_view_398545.html,3.5K-4.5K/月,幼儿园英语教师,2019/02/20
安徽-马鞍山-雨山区,马鞍山市华德福教育投资有限公司,三年以上/大学本科,/jobs_view_417542.html,3K-6K/月,幼儿英语老师,2019/02/20
湖北-武汉-东西湖区,武汉世纪树人文化传播有限公司,不限/不限,/jobs_view_419780.html,4K-6K/月,幼儿英语老师,2019/02/20
江苏-苏州-昆山市,昆山美杰学科英语培训中心,不限/不限,/jobs_view_420089.html,4K-8K/月,英语助教老师,2019/02/20
湖北-武汉,武汉康和育仁教育管理有限公司,不限/大学本科以上,/jobs_view_376732.html,4K-6K/月,幼儿园英语教师,2019/01/07
云南-昆明-东川区,云南外国语学校,不限/大专以上,/jobs_view_413271.html,4W-6W/年,幼儿英语教师,2018/12/31
